{
  "IcoMoonType": "selection",
  "icons": [
    {
      "icon": {
        "paths": [
          "M660 874l-148-148 60-60 88 88 218-220 60 60zM470 512q-70 0-121-50t-51-120 51-121 121-51 120 51 50 121-50 120-120 50zM384 726l128 128h-384v-86q0-76 117-123t225-47q30 0 42 2z"
        ],
        "attrs": [],
        "isMulticolor": false,
        "isMulticolor2": false,
        "tags": [
          "how_to_reg"
        ],
        "grid": 24
      },
      "attrs": [],
      "properties": {
        "order": 11,
        "ligatures": "how_to_reg",
        "id": 191,
        "prevSize": 24,
        "name": "how_to_reg"
      },
      "setIdx": 0,
      "setId": 3,
      "iconIdx": 191
    },
    {
      "icon": {
        "paths": [
          "M810 874q62 0 106-43t44-105-44-106-106-44-105 44-43 106 43 105 105 43zM810 512q90 0 152 62t62 152-62 151-152 61-151-61-61-151 61-152 151-62zM460 448l94 98v264h-84v-212l-138-120q-24-16-24-60 0-36 24-60l120-120q16-24 60-24 38 0 68 24l82 82q64 64 152 64v86q-126 0-216-90l-34-34zM214 874q62 0 105-43t43-105-43-106-105-44-106 44-44 106 44 105 106 43zM214 512q90 0 151 62t61 152-61 151-151 61-152-61-62-151 62-152 152-62zM662 234q-34 0-60-25t-26-59 26-60 60-26 59 26 25 60-25 59-59 25z"
        ],
        "attrs": [],
        "isMulticolor": false,
        "isMulticolor2": false,
        "tags": [
          "directions_bike"
        ],
        "grid": 24
      },
      "attrs": [],
      "properties": {
        "order": 13,
        "ligatures": "directions_bike",
        "id": 523,
        "prevSize": 24,
        "name": "directions_bike"
      },
      "setIdx": 0,
      "setId": 3,
      "iconIdx": 523
    },
    {
      "icon": {
        "paths": [
          "M418 380l-120 602h90l78-342 88 86v256h86v-320l-90-86 26-128q92 106 234 106v-84q-124 0-182-104l-44-68q-30-42-72-42-6 0-17 2t-17 2l-222 94v200h86v-144l76-30zM576 234q-34 0-60-25t-26-59 26-60 60-26 60 26 26 60-26 59-60 25z"
        ],
        "attrs": [],
        "isMulticolor": false,
        "isMulticolor2": false,
        "tags": [
          "directions_walk"
        ],
        "grid": 24
      },
      "attrs": [],
      "properties": {
        "order": 12,
        "ligatures": "directions_walk",
        "id": 529,
        "prevSize": 24,
        "name": "directions_walk"
      },
      "setIdx": 0,
      "setId": 3,
      "iconIdx": 529
    },
    {
      "icon": {
        "paths": [
          "M726 598v-214h-428v214h428zM512 790q28 0 46-19t18-45-18-45-46-19-46 19-18 45 18 45 46 19zM810 722q0 56-29 94t-81 38h4l64 64v20h-86l-84-84h-162l-84 84h-96v-20l68-68q-46-10-78-46t-32-82v-360q0-82 68-113t186-35l34-64h-204v-64h428v64h-140l-32 64q126 4 191 34t65 114v360z"
        ],
        "attrs": [],
        "isMulticolor": false,
        "isMulticolor2": false,
        "tags": [
          "tram"
        ],
        "grid": 24
      },
      "attrs": [],
      "properties": {
        "order": 16,
        "ligatures": "tram",
        "id": 575,
        "prevSize": 24,
        "name": "tram"
      },
      "setIdx": 0,
      "setId": 3,
      "iconIdx": 575
    },
    {
      "icon": {
        "paths": [
          "M246 380l-118 602h90l74-342 92 86v256h86v-322l-88-88 26-128q90 110 232 110v-84q-58 0-107-29t-79-77l-40-68q-22-40-72-40-18 0-32 6l-224 92v200h84v-142l76-32zM406 234q-34 0-60-25t-26-59 26-60 60-26 59 26 25 60-25 59-59 25zM832 842v-74l106 106-106 108v-76h-234v-64h234zM704 662h234v64h-234v74l-106-106 106-108v76z"
        ],
        "attrs": [],
        "isMulticolor": false,
        "isMulticolor2": false,
        "tags": [
          "transfer_within_a_station"
        ],
        "grid": 24
      },
      "attrs": [],
      "properties": {
        "order": 14,
        "ligatures": "transfer_within_a_station",
        "id": 576,
        "prevSize": 24,
        "name": "transfer_within_a_station"
      },
      "setIdx": 0,
      "setId": 3,
      "iconIdx": 576
    },
    {
      "icon": {
        "paths": [
          "M704 170v182l122 72-32 52-154-92v-214h64zM682 554q88 0 151-62t63-150-63-151-151-63-150 63-62 151 62 150 150 62zM576 810q28 0 46-19t18-45-18-45-46-19-46 19-18 45 18 45 46 19zM128 554h346q-90-86-90-212h-256v212zM192 810q28 0 46-19t18-45-18-45-46-19-46 19-18 45 18 45 46 19zM682 42q124 0 212 88t88 212q0 112-74 195t-182 99v132q0 54-44 94v76q0 18-12 31t-30 13h-42q-18 0-31-13t-13-31v-42h-340v42q0 18-13 31t-31 13h-42q-18 0-30-13t-12-31v-76q-44-40-44-94v-426q0-102 88-137t254-35q8 0 26 1t26 1q90-130 246-130z"
        ],
        "attrs": [],
        "isMulticolor": false,
        "isMulticolor2": false,
        "tags": [
          "departure_board"
        ],
        "grid": 24
      },
      "attrs": [],
      "properties": {
        "order": 15,
        "ligatures": "departure_board",
        "id": 580,
        "prevSize": 24,
        "name": "departure_board"
      },
      "setIdx": 0,
      "setId": 3,
      "iconIdx": 580
    },
    {
      "icon": {
        "paths": [
          "M512 910l-62-56q-106-96-154-142t-107-114-81-123-22-113q0-98 67-166t167-68q116 0 192 90 76-90 192-90 100 0 167 68t67 166q0 78-52 162t-113 146-199 186z"
        ],
        "attrs": [],
        "isMulticolor": false,
        "isMulticolor2": false,
        "tags": [
          "favorite"
        ],
        "grid": 24
      },
      "attrs": [],
      "properties": {
        "order": 17,
        "ligatures": "favorite",
        "id": 746,
        "prevSize": 24,
        "name": "favorite"
      },
      "setIdx": 0,
      "setId": 3,
      "iconIdx": 746
    },
    {
      "icon": {
        "paths": [
          "M516 792q96-86 142-130t100-104 75-106 21-90q0-64-43-106t-107-42q-50 0-93 28t-59 72h-80q-16-44-59-72t-93-28q-64 0-107 42t-43 106q0 44 21 90t75 106 100 104 142 130l4 4zM704 128q100 0 167 68t67 166q0 58-22 113t-81 123-107 114-154 142l-62 56-62-54q-138-124-199-186t-113-146-52-162q0-98 67-166t167-68q116 0 192 90 76-90 192-90z"
        ],
        "attrs": [],
        "isMulticolor": false,
        "isMulticolor2": false,
        "tags": [
          "favorite_outline"
        ],
        "grid": 24
      },
      "attrs": [],
      "properties": {
        "order": 18,
        "ligatures": "favorite_outline",
        "id": 747,
        "prevSize": 24,
        "name": "favorite_outline"
      },
      "setIdx": 0,
      "setId": 3,
      "iconIdx": 747
    },
    {
      "icon": {
        "paths": [
          "M726 554h-428v-340q0-34 26-60t60-26h256q34 0 60 26t26 60v340zM86 426h128v128h-128v-128zM810 426h128v128h-128v-128zM170 896v-256h684v256h-128v-128h-428v128h-128z"
        ],
        "attrs": [],
        "isMulticolor": false,
        "isMulticolor2": false,
        "tags": [
          "event_seat"
        ],
        "grid": 24
      },
      "attrs": [],
      "properties": {
        "order": 21,
        "ligatures": "event_seat",
        "id": 855,
        "prevSize": 24,
        "name": "event_seat"
      },
      "setIdx": 0,
      "setId": 3,
      "iconIdx": 855
    },
    {
      "icon": {
        "paths": [
          "M804 678q38 18 38 58v8l-32 226q-2 24-20 39t-42 15h-290q-26 0-44-18l-212-212 34-34q14-14 34-14 2 0 5 1t5 1l146 30v-458q0-28 19-46t45-18 45 18 19 46v256h34q6 0 22 4zM384 480q-86-56-86-160 0-80 56-136t136-56 136 56 56 136q0 106-84 160v-160q0-44-32-75t-76-31-75 31-31 75v160z"
        ],
        "attrs": [],
        "isMulticolor": false,
        "isMulticolor2": false,
        "tags": [
          "touch_app"
        ],
        "grid": 24
      },
      "attrs": [],
      "properties": {
        "order": 20,
        "ligatures": "touch_app",
        "id": 869,
        "prevSize": 24,
        "name": "touch_app"
      },
      "setIdx": 0,
      "setId": 3,
      "iconIdx": 869
    },
    {
      "icon": {
        "paths": [
          "M512 256q-34 0-60-26t-26-60 26-59 60-25 60 25 26 59-26 60-60 26zM874 256l22 86q-100 28-256 42v554h-86v-256h-84v256h-86v-554q-156-14-256-42l22-86q156 42 362 42t362-42z"
        ],
        "attrs": [],
        "isMulticolor": false,
        "isMulticolor2": false,
        "tags": [
          "accessibility_new"
        ],
        "grid": 24
      },
      "attrs": [],
      "properties": {
        "order": 19,
        "ligatures": "accessibility_new",
        "id": 894,
        "prevSize": 24,
        "name": "accessibility_new"
      },
      "setIdx": 0,
      "setId": 3,
      "iconIdx": 894
    },
    {
      "icon": {
        "paths": [
          "M512 854q140 0 241-101t101-241-101-241-241-101-241 101-101 241 101 241 241 101zM512 86q176 0 301 125t125 301-125 301-301 125-301-125-125-301 125-301 301-125zM708 324l60 60-342 342-212-214 60-60 152 152z"
        ],
        "attrs": [],
        "isMulticolor": false,
        "isMulticolor2": false,
        "tags": [
          "check_circle_outline"
        ],
        "grid": 24
      },
      "attrs": [],
      "properties": {
        "order": 23,
        "ligatures": "check_circle_outline",
        "id": 895,
        "prevSize": 24,
        "name": "check_circle_outline"
      },
      "setIdx": 0,
      "setId": 3,
      "iconIdx": 895
    },
    {
      "icon": {
        "paths": [
          "M844 94l180 180-664 664-360-360 180-180 180 180zM844 214l-484 484-180-178-60 58 240 240 544-544z"
        ],
        "attrs": [],
        "isMulticolor": false,
        "isMulticolor2": false,
        "tags": [
          "done_outline"
        ],
        "grid": 24
      },
      "attrs": [],
      "properties": {
        "order": 22,
        "ligatures": "done_outline",
        "id": 897,
        "prevSize": 24,
        "name": "done_outline"
      },
      "setIdx": 0,
      "setId": 3,
      "iconIdx": 897
    },
    {
      "icon": {
        "paths": [
          "M678 346l190 192-60 60-168-170v510h-86v-256h-84v256h-86v-566q-94-28-154-107t-60-179h86q0 88 62 150t150 62h110q52 0 100 48zM426 170q0-36 25-60t61-24 61 24 25 60-25 61-61 25-61-25-25-61z"
        ],
        "attrs": [],
        "isMulticolor": false,
        "isMulticolor2": false,
        "tags": [
          "emoji_people"
        ],
        "grid": 24
      },
      "attrs": [],
      "properties": {
        "order": 25,
        "ligatures": "emoji_people",
        "id": 1061,
        "prevSize": 24,
        "name": "emoji_people"
      },
      "setIdx": 0,
      "setId": 3,
      "iconIdx": 1061
    },
    {
      "icon": {
        "paths": [
          "M384 554q64 0 140 18t139 60 63 94v128h-684v-128q0-52 63-94t139-60 140-18zM640 512q-26 0-56-10 56-66 56-160 0-38-16-86t-40-76q30-10 56-10 70 0 120 51t50 121-50 120-120 50zM214 342q0-70 50-121t120-51 120 51 50 121-50 120-120 50-120-50-50-120zM712 560q106 16 188 59t82 107v128h-172v-128q0-98-98-166z"
        ],
        "attrs": [],
        "isMulticolor": false,
        "isMulticolor2": false,
        "tags": [
          "people_alt"
        ],
        "grid": 24
      },
      "attrs": [],
      "properties": {
        "order": 24,
        "ligatures": "people_alt",
        "id": 1065,
        "prevSize": 24,
        "name": "people_alt"
      },
      "setIdx": 0,
      "setId": 3,
      "iconIdx": 1065
    },
    {
      "icon": {
        "paths": [
          "M544 162q-32-18-32-54 0-28 18-46t46-18q38 0 56 32t0 62q-14 22-40 30t-48-6zM676 444q92 76 109 189t-37 199l-74-44q28-50 28-106 0-64-42-126l-268 464-74-42 128-222-74-42-64 110-72-42 218-380q-66-72-78-170t38-186l74 44q-44 76-22 161t98 129zM608 256q18-30 53-40t65 8 39 53-9 65-52 39-64-9-40-52 8-64z"
        ],
        "attrs": [],
        "isMulticolor": false,
        "isMulticolor2": false,
        "tags": [
          "sports_handball"
        ],
        "grid": 24
      },
      "attrs": [],
      "properties": {
        "order": 26,
        "ligatures": "sports_handball",
        "id": 1082,
        "prevSize": 24,
        "name": "sports_handball"
      },
      "setIdx": 0,
      "setId": 3,
      "iconIdx": 1082
    },
    {
      "icon": {
        "paths": [
          "M480 450q66 66 154 66l6 88q-124 0-216-88l-30-30-100 102 90 90v256h-86v-220l-54-50v94l-182 180-60-60 156-154-46-126q0-2-2-7t-3-9-1-8q-4-36 26-66l142-142q26-26 60-26 30 0 48 14 12 12 98 96zM470 358q-32-6-54-36t-14-64q6-46 52-64 12-4 18-4 4 0 8-2h6q4 0 9 1t7 1q20 0 44 24t25 58-25 62q-12 12-28 18-2 0-7 3t-9 3q-6 2-16 2-2 0-8-1t-8-1zM1024 506h-86v-144l-76-30 38 190t44 222 38 190h-90l-78-342-88 86v256h-86v-320q36-34 90-86l-26-128q-36 40-90 70-60-6-106-52 100-18 144-98l44-70q40-64 112-34l216 90v200zM618 102q0-36 25-61t61-25 61 25 25 61-25 60-61 24-61-24-25-60z"
        ],
        "attrs": [],
        "isMulticolor": false,
        "isMulticolor2": false,
        "tags": [
          "sports_kabaddi"
        ],
        "grid": 24
      },
      "attrs": [],
      "properties": {
        "order": 27,
        "ligatures": "sports_kabaddi",
        "id": 1083,
        "prevSize": 24,
        "name": "sports_kabaddi"
      },
      "setIdx": 0,
      "setId": 3,
      "iconIdx": 1083
    },
    {
      "icon": {
        "paths": [
          "M814 682l34-170 82 16-34 186v224h-86v-170h-84v170h-86v-256h174zM176 512l34 170h174v256h-86v-170h-84v170h-86v-224l-34-186zM938 384h-384v554h-84v-554h-384l426-298z"
        ],
        "attrs": [],
        "isMulticolor": false,
        "isMulticolor2": false,
        "tags": [
          "deck"
        ],
        "grid": 24
      },
      "attrs": [],
      "properties": {
        "order": 29,
        "ligatures": "deck",
        "id": 1091,
        "prevSize": 24,
        "name": "deck"
      },
      "setIdx": 0,
      "setId": 3,
      "iconIdx": 1091
    },
    {
      "icon": {
        "paths": [
          "M614 298q14-54-18-86-50-52-38-126h42q-10 50 20 86 34 38 40 65t-2 61h-44zM508 298q12-54-20-86-50-52-38-126h42q-10 50 20 86 34 38 40 65t-2 61h-42zM402 298q12-54-20-86-50-52-38-126h42q-10 50 20 86 34 38 40 65t-2 61h-42zM726 768q-18 0-31 12t-13 30 13 31 31 13 30-13 12-31-12-30-30-12zM726 938q-42 0-74-24t-46-62h-272l-42 68q-10 18-36 18-16 0-24-6-18-10-18-36 0-16 6-24l170-258q-80-36-128-109t-48-163h596q0 80-51 160t-123 112l24 38q-40 16-68 52l-42-66q-10 2-38 2t-38-2l-84 130h216q14-38 46-62t74-24q52 0 90 38t38 90-38 90-90 38z"
        ],
        "attrs": [],
        "isMulticolor": false,
        "isMulticolor2": false,
        "tags": [
          "outdoor_grill"
        ],
        "grid": 24
      },
      "attrs": [],
      "properties": {
        "order": 28,
        "ligatures": "outdoor_grill",
        "id": 1096,
        "prevSize": 24,
        "name": "outdoor_grill"
      },
      "setIdx": 0,
      "setId": 3,
      "iconIdx": 1096
    },
    {
      "icon": {
        "paths": [
          "M854 854v-86h-300v86h300zM554 446v66h300v-66l-42-14q-36-12-61-48t-25-74v-12h-44v12q0 92-86 122zM682 170v44h44v-44h-44zM880 364q58 20 58 82v408q0 34-25 59t-59 25h-300q-34 0-59-25t-25-59v-408q0-62 58-82l40-12q30-10 30-42v-182q0-18 12-30t30-12h128q18 0 30 12t12 30v182q0 28 30 40zM214 342v128h84v-128h-84zM128 598v-342h256v342q0 42-24 74t-62 46v136h86v84h-256v-84h86v-136q-38-14-62-46t-24-74z"
        ],
        "attrs": [],
        "isMulticolor": false,
        "isMulticolor2": false,
        "tags": [
          "liquor"
        ],
        "grid": 24
      },
      "attrs": [],
      "properties": {
        "order": 30,
        "ligatures": "liquor",
        "id": 1109,
        "prevSize": 24,
        "name": "liquor"
      },
      "setIdx": 0,
      "setId": 3,
      "iconIdx": 1109
    },
    {
      "icon": {
        "paths": [
          "M854 726q36 0 61 25t25 59l-342 128-300-84v-384h84l310 114q34 14 34 48 0 20-15 35t-37 15h-120l-74-28-14 40 88 32h300zM682 138q46-52 116-52 58 0 99 41t41 99q0 44-42 105t-84 102-130 121q-88-80-130-121t-84-102-42-105q0-58 42-99t100-41q68 0 114 52zM42 470h172v468h-172v-468z"
        ],
        "attrs": [],
        "isMulticolor": false,
        "isMulticolor2": false,
        "tags": [
          "volunteer_activism"
        ],
        "grid": 24
      },
      "attrs": [],
      "properties": {
        "order": 31,
        "ligatures": "volunteer_activism",
        "id": 1119,
        "prevSize": 24,
        "name": "volunteer_activism"
      },
      "setIdx": 0,
      "setId": 3,
      "iconIdx": 1119
    },
    {
      "icon": {
        "paths": [
          "M320 598h384q-24 58-76 93t-116 35-116-35-76-93zM512 810q102 0 181-60t105-154q2 0 6 1t6 1q34 0 60-26t26-60-26-60-60-26q-2 0-6 1t-6 1q-26-94-105-154t-181-60-181 60-105 154q-2 0-6-1t-6-1q-34 0-60 26t-26 60 26 60 60 26q2 0 6-1t6-1q26 94 105 154t181 60zM978 540q-8 44-42 84t-76 52q-44 94-139 157t-209 63q-142 0-254-98-62-54-92-122-42-12-77-52t-43-84q-4-16-4-28t4-28q8-44 43-84t77-52q34-76 92-124 108-96 254-96t254 96q62 58 92 124 42 12 77 52t43 84q4 16 4 28t-4 28zM352 448q0-22 16-38t38-16 37 16 15 38-15 38-37 16-38-16-16-38zM566 448q0-22 15-38t37-16 38 16 16 38-16 38-38 16-37-16-15-38z"
        ],
        "attrs": [],
        "isMulticolor": false,
        "isMulticolor2": false,
        "tags": [
          "child_care"
        ],
        "grid": 24
      },
      "attrs": [],
      "properties": {
        "order": 33,
        "ligatures": "child_care",
        "id": 1130,
        "prevSize": 24,
        "name": "child_care"
      },
      "setIdx": 0,
      "setId": 3,
      "iconIdx": 1130
    },
    {
      "icon": {
        "paths": [
          "M726 854q26 0 45-19t19-45-19-45-45-19-45 19-19 45 19 45 45 19zM342 854q26 0 45-19t19-45-19-45-45-19-45 19-19 45 19 45 45 19zM824 678q50 46 50 112 0 62-43 105t-105 43q-56 0-98-37t-50-91h-90q-8 54-49 91t-97 37q-62 0-106-43t-44-105q0-88 78-132l-90-188h-94v-86h148l40 86h622q0 48-21 109t-51 99zM554 86q142 0 242 100t100 240h-342v-340z"
        ],
        "attrs": [],
        "isMulticolor": false,
        "isMulticolor2": false,
        "tags": [
          "child_friendly"
        ],
        "grid": 24
      },
      "attrs": [],
      "properties": {
        "order": 32,
        "ligatures": "child_friendly",
        "id": 1131,
        "prevSize": 24,
        "name": "child_friendly"
      },
      "setIdx": 0,
      "setId": 3,
      "iconIdx": 1131
    },
    {
      "icon": {
        "paths": [
          "M576 706.612v-52.78c70.498-39.728 128-138.772 128-237.832 0-159.058 0-288-192-288s-192 128.942-192 288c0 99.060 57.502 198.104 128 237.832v52.78c-217.102 17.748-384 124.42-384 253.388h896c0-128.968-166.898-235.64-384-253.388z"
        ],
        "tags": [
          "user",
          "profile",
          "avatar",
          "person",
          "member"
        ],
        "defaultCode": 59761,
        "grid": 16,
        "attrs": []
      },
      "attrs": [],
      "properties": {
        "ligatures": "user, profile2",
        "name": "user",
        "order": 2,
        "id": 114,
        "prevSize": 32
      },
      "setIdx": 2,
      "setId": 1,
      "iconIdx": 113
    },
    {
      "icon": {
        "width": 1152,
        "paths": [
          "M768 770.612v-52.78c70.498-39.728 128-138.772 128-237.832 0-159.058 0-288-192-288s-192 128.942-192 288c0 99.060 57.502 198.104 128 237.832v52.78c-217.102 17.748-384 124.42-384 253.388h896c0-128.968-166.898-235.64-384-253.388z",
          "M327.196 795.328c55.31-36.15 124.080-63.636 199.788-80.414-15.054-17.784-28.708-37.622-40.492-59.020-30.414-55.234-46.492-116.058-46.492-175.894 0-86.042 0-167.31 30.6-233.762 29.706-64.504 83.128-104.496 159.222-119.488-16.914-76.48-61.94-126.75-181.822-126.75-192 0-192 128.942-192 288 0 99.060 57.502 198.104 128 237.832v52.78c-217.102 17.748-384 124.42-384 253.388h279.006c14.518-12.91 30.596-25.172 48.19-36.672z"
        ],
        "tags": [
          "users",
          "group",
          "team",
          "members",
          "community",
          "collaborate"
        ],
        "defaultCode": 59762,
        "grid": 16,
        "attrs": []
      },
      "attrs": [],
      "properties": {
        "ligatures": "users, group",
        "name": "users",
        "order": 3,
        "id": 115,
        "prevSize": 32
      },
      "setIdx": 2,
      "setId": 1,
      "iconIdx": 114
    },
    {
      "icon": {
        "width": 1024,
        "paths": [
          "M384 736c0-151.234 95.874-280.486 230.032-330.2 16.28-36.538 25.968-77.164 25.968-117.8 0-159.058 0-288-192-288s-192 128.942-192 288c0 99.060 57.502 198.104 128 237.832v52.78c-217.102 17.748-384 124.42-384 253.388h397.306c-8.664-30.53-13.306-62.732-13.306-96z",
          "M736 448c-159.058 0-288 128.942-288 288s128.942 288 288 288c159.056 0 288-128.942 288-288s-128.942-288-288-288zM896 768h-128v128h-64v-128h-128v-64h128v-128h64v128h128v64z"
        ],
        "tags": [
          "user-plus",
          "user",
          "user-add",
          "profile",
          "avatar",
          "person",
          "member"
        ],
        "defaultCode": 59763,
        "grid": 16,
        "attrs": []
      },
      "attrs": [],
      "properties": {
        "ligatures": "user-plus, user2",
        "name": "user-plus",
        "order": 4,
        "id": 116,
        "prevSize": 32
      },
      "setIdx": 2,
      "setId": 1,
      "iconIdx": 115
    },
    {
      "icon": {
        "width": 1024,
        "paths": [
          "M384 736c0-151.234 95.874-280.486 230.032-330.2 16.28-36.538 25.968-77.164 25.968-117.8 0-159.058 0-288-192-288s-192 128.942-192 288c0 99.060 57.502 198.104 128 237.832v52.78c-217.102 17.748-384 124.42-384 253.388h397.306c-8.664-30.53-13.306-62.732-13.306-96z",
          "M736 448c-159.058 0-288 128.942-288 288s128.942 288 288 288c159.056 0 288-128.942 288-288s-128.942-288-288-288zM896 768h-320v-64h320v64z"
        ],
        "tags": [
          "user-minus",
          "user",
          "user-remove",
          "profile",
          "avatar",
          "person",
          "member"
        ],
        "defaultCode": 59764,
        "grid": 16,
        "attrs": []
      },
      "attrs": [],
      "properties": {
        "ligatures": "user-minus, user3",
        "name": "user-minus",
        "order": 5,
        "id": 117,
        "prevSize": 32
      },
      "setIdx": 2,
      "setId": 1,
      "iconIdx": 116
    },
    {
      "icon": {
        "width": 1024,
        "paths": [
          "M960 608l-288 288-96-96-64 64 160 160 352-352z",
          "M448 768h320v-115.128c-67.22-39.2-156.308-66.11-256-74.26v-52.78c70.498-39.728 128-138.772 128-237.832 0-159.058 0-288-192-288s-192 128.942-192 288c0 99.060 57.502 198.104 128 237.832v52.78c-217.102 17.748-384 124.42-384 253.388h448v-64z"
        ],
        "tags": [
          "user-check",
          "user",
          "user-tick",
          "profile",
          "avatar",
          "person",
          "member"
        ],
        "defaultCode": 59765,
        "grid": 16,
        "attrs": []
      },
      "attrs": [],
      "properties": {
        "ligatures": "user-check, user4",
        "name": "user-check",
        "order": 6,
        "id": 118,
        "prevSize": 32
      },
      "setIdx": 2,
      "setId": 1,
      "iconIdx": 117
    },
    {
      "icon": {
        "paths": [
          "M320 192c0-106.039 85.961-192 192-192s192 85.961 192 192c0 106.039-85.961 192-192 192s-192-85.961-192-192zM768.078 448h-35.424l-199.104 404.244 74.45-372.244-96-96-96 96 74.45 372.244-199.102-404.244h-35.424c-127.924 0-127.924 85.986-127.924 192v320h768v-320c0-106.014 0-192-127.922-192z"
        ],
        "tags": [
          "user-tie",
          "user",
          "user-employee",
          "profile",
          "avatar",
          "person",
          "member",
          "job",
          "official"
        ],
        "defaultCode": 59766,
        "grid": 16,
        "attrs": []
      },
      "attrs": [],
      "properties": {
        "ligatures": "user-tie, user5",
        "name": "user-tie",
        "order": 7,
        "id": 119,
        "prevSize": 32
      },
      "setIdx": 2,
      "setId": 1,
      "iconIdx": 118
    },
    {
      "icon": {
        "paths": [
          "M576 96c0 53.019-42.981 96-96 96s-96-42.981-96-96c0-53.019 42.981-96 96-96s96 42.981 96 96z",
          "M576 256h-192c-35.346 0-64 28.654-64 64v320h64v384h80v-384h32v384h80v-384h64v-320c0-35.346-28.652-64-64-64z"
        ],
        "tags": [
          "man",
          "male",
          "gender",
          "sex"
        ],
        "defaultCode": 59868,
        "grid": 16,
        "attrs": []
      },
      "attrs": [],
      "properties": {
        "ligatures": "man, male",
        "name": "man",
        "order": 10,
        "id": 221,
        "prevSize": 32
      },
      "setIdx": 2,
      "setId": 1,
      "iconIdx": 220
    },
    {
      "icon": {
        "paths": [
          "M576 96c0 53.019-42.981 96-96 96s-96-42.981-96-96c0-53.019 42.981-96 96-96s96 42.981 96 96z",
          "M719 512l49-35.5-133.286-206.116c-5.92-8.98-15.958-14.384-26.714-14.384h-256c-10.756 0-20.792 5.404-26.714 14.384l-133.286 206.116 49 35.5 110.644-143.596 38.458 89.74-134.102 245.856h122.666l21.334 320h64v-320h32v320h64l21.334-320h122.666l-134.104-245.858 38.458-89.74 110.646 143.598z"
        ],
        "tags": [
          "woman",
          "female",
          "gender",
          "sex"
        ],
        "defaultCode": 59869,
        "grid": 16,
        "attrs": []
      },
      "attrs": [],
      "properties": {
        "ligatures": "woman, female",
        "name": "woman",
        "order": 9,
        "id": 222,
        "prevSize": 32
      },
      "setIdx": 2,
      "setId": 1,
      "iconIdx": 221
    },
    {
      "icon": {
        "paths": [
          "M256 96c0 53.019-42.981 96-96 96s-96-42.981-96-96c0-53.019 42.981-96 96-96s96 42.981 96 96z",
          "M832 96c0 53.019-42.981 96-96 96s-96-42.981-96-96c0-53.019 42.981-96 96-96s96 42.981 96 96z",
          "M256 256h-192c-35.346 0-64 28.654-64 64v320h64v384h80v-384h32v384h80v-384h64v-320c0-35.346-28.652-64-64-64z",
          "M975 512l49-35.5-133.286-206.116c-5.92-8.98-15.958-14.384-26.714-14.384h-256c-10.756 0-20.792 5.404-26.714 14.384l-133.286 206.116 49 35.5 110.644-143.596 38.458 89.74-134.102 245.856h122.666l21.334 320h64v-320h32v320h64l21.334-320h122.666l-134.104-245.858 38.458-89.74 110.646 143.598z"
        ],
        "tags": [
          "man-woman",
          "toilet",
          "bathroom",
          "sex",
          "gender"
        ],
        "defaultCode": 59870,
        "grid": 16,
        "attrs": []
      },
      "attrs": [],
      "properties": {
        "ligatures": "man-woman, toilet",
        "name": "man-woman",
        "order": 8,
        "id": 223,
        "prevSize": 32
      },
      "setIdx": 2,
      "setId": 1,
      "iconIdx": 222
    }
  ],
  "height": 1024,
  "preferences": {
    "showGlyphs": true,
    "showQuickUse": true,
    "showQuickUse2": true,
    "showSVGs": true,
    "fontPref": {
      "prefix": "icon-",
      "metadata": {
        "fontFamily": "icomoon"
      },
      "metrics": {
        "emSize": 1024,
        "baseline": 6.25,
        "whitespace": 50
      },
      "embed": false
    },
    "imagePref": {
      "prefix": "icon-",
      "png": true,
      "useClassSelector": true,
      "color": 0,
      "bgColor": 16777215,
      "classSelector": ".icon",
      "name": "icomoon"
    },
    "historySize": 50,
    "showCodes": true,
    "gridSize": 16
  }
}